Workbook
Name Slicer_Category: #N/A
Name Slicer_Day: #N/A
Name Slicer_Month: #N/A

Sheet Pivot_tables
A2: Slicers | B2: KPIs | C2: Charts
A3: category | B3: Total revenue | C3: bar - Top 10 items by order count | E3: item_name | F3: Count of order_details_id | I3: item_name | J3: Sum of Price | M3: Row Labels | N3: Sum of Order_count | P3: Row Labels | Q3: Sum of Price | S3: Row Labels | T3: Sum of Price
A4: weekday | B4: Total orders-unique | C4: Bar - Top 10 items by revenue | E4: Chips & Salsa | F4: 461 | I4: Pork Ramen | J4: 6462 | M4: 10 | N4: 2 | P4: Jan | Q4: 53816.95 | S4: Italian | T4: 49462.7
A5: month | B5: Avg order value | C5: line - orders by hour of day | E5: Mac & Cheese | F5: 463 | I5: Chicken Parmesan | J5: 6533.8 | M5: 11 | N5: 286 | P5: Feb | Q5: 50790.35 | S5: Asian | T5: 46720.65
B6: Top selling Item | C6: column - revenue by month | E6: Spaghetti & Meatballs | F6: 470 | I6: Steak Torta | J6: 6821.55 | M6: 12 | N6: 644 | P6: Mar | Q6: 54610.6 | S6: Mexican | T6: 34796.8
C7: donut - category revenue share | E7: Steak Torta | F7: 489 | I7: Eggplant Parmesan | J7: 7119 | M7: 13 | N7: 590 | P7: Grand Total | Q7: 159217.9 | S7: American | T7: 28237.75
E8: Tofu Pad Thai | F8: 562 | I8: Orange Chicken | J8: 7524 | M8: 14 | N8: 423 | S8: Grand Total | T8: 159217.9
B9: Total_revenue | E9: French Fries | F9: 571 | I9: Hamburger | J9: 8054.9 | M9: 15 | N9: 354
B10: 159217.9 | E10: Cheeseburger | F10: 583 | I10: Cheeseburger | J10: 8132.85 | M10: 16 | N10: 479
E11: Korean Beef Bowl | F11: 588 | I11: Tofu Pad Thai | J11: 8149 | M11: 17 | N11: 618
B12: Total_Order | E12: Edamame | F12: 620 | I12: Spaghetti & Meatballs | J12: 8436.5 | M12: 18 | N12: 595
B13: 5343 | E13: Hamburger | F13: 622 | I13: Korean Beef Bowl | J13: 10554.6 | M13: 19 | N13: 497
E14: Grand Total | F14: 5429 | I14: Grand Total | J14: 77788.2 | M14: 20 | N14: 411
B15: Average order value | M15: 21 | N15: 289
B16: =GETPIVOTDATA("Price",$B$9)/GETPIVOTDATA("Order_count",$B$12) -> 29.799345 | M16: 22 | N16: 151
M17: 23 | N17: 4
B18: Top selling Item | M18: Grand Total | N18: 5343
B19: =INDEX(E23:E54,MATCH(MAX(F23:F54),F23:F54,0)) -> Hamburger
E22: Row Labels | F22: Count of order_details_id
E23: California Roll | F23: 355
E24: Cheese Lasagna | F24: 207
E25: Cheese Quesadillas | F25: 233
E26: Cheeseburger | F26: 583
E27: Chicken Burrito | F27: 455
E28: Chicken Parmesan | F28: 364
E29: Chicken Tacos | F29: 123
E30: Chicken Torta | F30: 379
E31: Chips & Guacamole | F31: 237
E32: Chips & Salsa | F32: 461
E33: Edamame | F33: 620
E34: Eggplant Parmesan | F34: 420
... E55: Grand Total | F55: 12097

Sheet Dashboard

Sheet order_details
A1: order_details_id | B1: order_id | C1: Order_count | D1: order_date | E1: order_time | F1: item_id | G1: item_name | H1: Category | I1: Price | J1: Day | K1: Date | L1: Month | M1: hour | N1: items_in_this_order | O1: order_total
A2: 1 | B2: 1 | C2: =IF(COUNTIF($B$2:B2,B2)=1,1,0) -> 1 | D2: 44927 | E2: 0.48513889 | F2: 109 | G2: =IFERROR(INDEX(menu_items!$B:$B,MATCH(F2,menu_items!$A:$A,0)),"Unknown value") -> Korean Beef Bowl | H2: =IFERROR(INDEX(menu_items!$C:$C,MATCH(F2,menu_items!$A:$A,0)),"Unknown value") -> Asian | I2: =IFERROR(INDEX(menu_items!$D:$D,MATCH(F2,menu_items!$A:$A,0)),0) -> 17.95 | J2: =TEXT(D2,"ddd") -> Sun | K2: =DAY(D2) -> 1 | L2: =TEXT(D2,"mmm") -> Jan | M2: 11 | N2: =COUNTIF($B:$B,B2) -> 1 | O2: =SUMIF($B:$B,B2,$I:$I) -> 17.95
A3: 2 | B3: 2 | C3: =IF(COUNTIF($B$2:B3,B3)=1,1,0) -> 1 | D3: 44927 | E3: 0.49837963 | F3: 108 | G3: =IFERROR(INDEX(menu_items!$B:$B,MATCH(F3,menu_items!$A:$A,0)),"Unknown value") -> Tofu Pad Thai | H3: =IFERROR(INDEX(menu_items!$C:$C,MATCH(F3,menu_items!$A:$A,0)),"Unknown value") -> Asian | I3: =IFERROR(INDEX(menu_items!$D:$D,MATCH(F3,menu_items!$A:$A,0)),0) -> 14.5 | J3: =TEXT(D3,"ddd") -> Sun | K3: =DAY(D3) -> 1 | L3: =TEXT(D3,"mmm") -> Jan | M3: 11 | N3: =COUNTIF($B:$B,B3) -> 5 | O3: =SUMIF($B:$B,B3,$I:$I) -> 64.45
A4: 3 | B4: 2 | C4: =IF(COUNTIF($B$2:B4,B4)=1,1,0) -> 0 | D4: 44927 | E4: 0.49837963 | F4: 124 | G4: =IFERROR(INDEX(menu_items!$B:$B,MATCH(F4,menu_items!$A:$A,0)),"Unknown value") -> Spaghetti | H4: =IFERROR(INDEX(menu_items!$C:$C,MATCH(F4,menu_items!$A:$A,0)),"Unknown value") -> Italian | I4: =IFERROR(INDEX(menu_items!$D:$D,MATCH(F4,menu_items!$A:$A,0)),0) -> 14.5 | J4: =TEXT(D4,"ddd") -> Sun | K4: =DAY(D4) -> 1 | L4: =TEXT(D4,"mmm") -> Jan | M4: 11 | N4: =COUNTIF($B:$B,B4) -> 5 | O4: =SUMIF($B:$B,B4,$I:$I) -> 64.45
A5: 4 | B5: 2 | C5: =IF(COUNTIF($B$2:B5,B5)=1,1,0) -> 0 | D5: 44927 | E5: 0.49837963 | F5: 117 | G5: =IFERROR(INDEX(menu_items!$B:$B,MATCH(F5,menu_items!$A:$A,0)),"Unknown value") -> Chicken Burrito | H5: =IFERROR(INDEX(menu_items!$C:$C,MATCH(F5,menu_items!$A:$A,0)),"Unknown value") -> Mexican | I5: =IFERROR(INDEX(menu_items!$D:$D,MATCH(F5,menu_items!$A:$A,0)),0) -> 12.95 | J5: =TEXT(D5,"ddd") -> Sun | K5: =DAY(D5) -> 1 | L5: =TEXT(D5,"mmm") -> Jan | M5: 11 | N5: =COUNTIF($B:$B,B5) -> 5 | O5: =SUMIF($B:$B,B5,$I:$I) -> 64.45
A6: 5 | B6: 2 | C6: =IF(COUNTIF($B$2:B6,B6)=1,1,0) -> 0 | D6: 44927 | E6: 0.49837963 | F6: 129 | G6: =IFERROR(INDEX(menu_items!$B:$B,MATCH(F6,menu_items!$A:$A,0)),"Unknown value") -> Mushroom Ravioli | H6: =IFERROR(INDEX(menu_items!$C:$C,MATCH(F6,menu_items!$A:$A,0)),"Unknown value") -> Italian | I6: =IFERROR(INDEX(menu_items!$D:$D,MATCH(F6,menu_items!$A:$A,0)),0) -> 15.5 | J6: =TEXT(D6,"ddd") -> Sun | K6: =DAY(D6) -> 1 | L6: =TEXT(D6,"mmm") -> Jan | M6: 11 | N6: =COUNTIF($B:$B,B6) -> 5 | O6: =SUMIF($B:$B,B6,$I:$I) -> 64.45
A7: 6 | B7: 2 | C7: =IF(COUNTIF($B$2:B7,B7)=1,1,0) -> 0 | D7: 44927 | E7: 0.49837963 | F7: 106 | G7: =IFERROR(INDEX(menu_items!$B:$B,MATCH(F7,menu_items!$A:$A,0)),"Unknown value") -> French Fries | H7: =IFERROR(INDEX(menu_items!$C:$C,MATCH(F7,menu_items!$A:$A,0)),"Unknown value") -> American | I7: =IFERROR(INDEX(menu_items!$D:$D,MATCH(F7,menu_items!$A:$A,0)),0) -> 7 | J7: =TEXT(D7,"ddd") -> Sun | K7: =DAY(D7) -> 1 | L7: =TEXT(D7,"mmm") -> Jan | M7: 11 | N7: =COUNTIF($B:$B,B7) -> 5 | O7: =SUMIF($B:$B,B7,$I:$I) -> 64.45
A8: 7 | B8: 3 | C8: =IF(COUNTIF($B$2:B8,B8)=1,1,0) -> 1 | D8: 44927 | E8: 0.50865741 | F8: 117 | G8: =IFERROR(INDEX(menu_items!$B:$B,MATCH(F8,menu_items!$A:$A,0)),"Unknown value") -> Chicken Burrito | H8: =IFERROR(INDEX(menu_items!$C:$C,MATCH(F8,menu_items!$A:$A,0)),"Unknown value") -> Mexican | I8: =IFERROR(INDEX(menu_items!$D:$D,MATCH(F8,menu_items!$A:$A,0)),0) -> 12.95 | J8: =TEXT(D8,"ddd") -> Sun | K8: =DAY(D8) -> 1 | L8: =TEXT(D8,"mmm") -> Jan | M8: 12 | N8: =COUNTIF($B:$B,B8) -> 2 | O8: =SUMIF($B:$B,B8,$I:$I) -> 24.9
A9: 8 | B9: 3 | C9: =IF(COUNTIF($B$2:B9,B9)=1,1,0) -> 0 | D9: 44927 | E9: 0.50865741 | F9: 119 | G9: =IFERROR(INDEX(menu_items!$B:$B,MATCH(F9,menu_items!$A:$A,0)),"Unknown value") -> Chicken Torta | H9: =IFERROR(INDEX(menu_items!$C:$C,MATCH(F9,menu_items!$A:$A,0)),"Unknown value") -> Mexican | I9: =IFERROR(INDEX(menu_items!$D:$D,MATCH(F9,menu_items!$A:$A,0)),0) -> 11.95 | J9: =TEXT(D9,"ddd") -> Sun | K9: =DAY(D9) -> 1 | L9: =TEXT(D9,"mmm") -> Jan | M9: 12 | N9: =COUNTIF($B:$B,B9) -> 2 | O9: =SUMIF($B:$B,B9,$I:$I) -> 24.9
A10: 9 | B10: 4 | C10: =IF(COUNTIF($B$2:B10,B10)=1,1,0) -> 1 | D10: 44927 | E10: 0.51146991 | F10: 117 | G10: =IFERROR(INDEX(menu_items!$B:$B,MATCH(F10,menu_items!$A:$A,0)),"Unknown value") -> Chicken Burrito | H10: =IFERROR(INDEX(menu_items!$C:$C,MATCH(F10,menu_items!$A:$A,0)),"Unknown value") -> Mexican | I10: =IFERROR(INDEX(menu_items!$D:$D,MATCH(F10,menu_items!$A:$A,0)),0) -> 12.95 | J10: =TEXT(D10,"ddd") -> Sun | K10: =DAY(D10) -> 1 | L10: =TEXT(D10,"mmm") -> Jan | M10: 12 | N10: =COUNTIF($B:$B,B10) -> 1 | O10: =SUMIF($B:$B,B10,$I:$I) -> 12.95
A11: 10 | B11: 5 | C11: =IF(COUNTIF($B$2:B11,B11)=1,1,0) -> 1 | D11: 44927 | E11: 0.51493056 | F11: 117 | G11: =IFERROR(INDEX(menu_items!$B:$B,MATCH(F11,menu_items!$A:$A,0)),"Unknown value") -> Chicken Burrito | H11: =IFERROR(INDEX(menu_items!$C:$C,MATCH(F11,menu_items!$A:$A,0)),"Unknown value") -> Mexican | I11: =IFERROR(INDEX(menu_items!$D:$D,MATCH(F11,menu_items!$A:$A,0)),0) -> 12.95 | J11: =TEXT(D11,"ddd") -> Sun | K11: =DAY(D11) -> 1 | L11: =TEXT(D11,"mmm") -> Jan | M11: 12 | N11: =COUNTIF($B:$B,B11) -> 1 | O11: =SUMIF($B:$B,B11,$I:$I) -> 12.95
A12: 11 | B12: 6 | C12: =IF(COUNTIF($B$2:B12,B12)=1,1,0) -> 1 | D12: 44927 | E12: 0.52055556 | F12: 101 | G12: =IFERROR(INDEX(menu_items!$B:$B,MATCH(F12,menu_items!$A:$A,0)),"Unknown value") -> Hamburger | H12: =IFERROR(INDEX(menu_items!$C:$C,MATCH(F12,menu_items!$A:$A,0)),"Unknown value") -> American | I12: =IFERROR(INDEX(menu_items!$D:$D,MATCH(F12,menu_items!$A:$A,0)),0) -> 12.95 | J12: =TEXT(D12,"ddd") -> Sun | K12: =DAY(D12) -> 1 | L12: =TEXT(D12,"mmm") -> Jan | M12: 12 | N12: =COUNTIF($B:$B,B12) -> 2 | O12: =SUMIF($B:$B,B12,$I:$I) -> 21.95
A13: 12 | B13: 6 | C13: =IF(COUNTIF($B$2:B13,B13)=1,1,0) -> 0 | D13: 44927 | E13: 0.52055556 | F13: 114 | G13: =IFERROR(INDEX(menu_items!$B:$B,MATCH(F13,menu_items!$A:$A,0)),"Unknown value") -> Potstickers | H13: =IFERROR(INDEX(menu_items!$C:$C,MATCH(F13,menu_items!$A:$A,0)),"Unknown value") -> Asian | I13: =IFERROR(INDEX(menu_items!$D:$D,MATCH(F13,menu_items!$A:$A,0)),0) -> 9 | J13: =TEXT(D13,"ddd") -> Sun | K13: =DAY(D13) -> 1 | L13: =TEXT(D13,"mmm") -> Jan | M13: 12 | N13: =COUNTIF($B:$B,B13) -> 2 | O13: =SUMIF($B:$B,B13,$I:$I) -> 21.95
... A12098: 12234 | B12098: 5370 | C12098: =IF(COUNTIF($B$2:B12098,B12098)=1,1,0) -> 1 | D12098: 45016 | E12098: 0.92763889 | F12098: 122 | G12098: =IFERROR(INDEX(menu_items!$B:$B,MATCH(F12098,menu_items!$A:$A,0)),"Unknown value") -> Chips & Salsa | H12098: =IFERROR(INDEX(menu_items!$C:$C,MATCH(F12098,menu_items!$A:$A,0)),"Unknown value") -> Mexican | I12098: =IFERROR(INDEX(menu_items!$D:$D,MATCH(F12098,menu_items!$A:$A,0)),0) -> 7 | J12098: =TEXT(D12098,"ddd") -> Fri | K12098: =DAY(D12098) -> 31 | L12098: =TEXT(D12098,"mmm") -> Mar | M12098: 22 | N12098: =COUNTIF($B:$B,B12098) -> 1 | O12098: =SUMIF($B:$B,B12098,$I:$I) -> 7

Sheet menu_items
A1: menu_item_id | B1: item_name | C1: category | D1: price
A2: 130 | B2: Shrimp Scampi | C2: Italian | D2: 19.95
A3: 109 | B3: Korean Beef Bowl | C3: Asian | D3: 17.95
A4: 110 | B4: Pork Ramen | C4: Asian | D4: 17.95
A5: 125 | B5: Spaghetti & Meatballs | C5: Italian | D5: 17.95
A6: 127 | B6: Meat Lasagna | C6: Italian | D6: 17.95
A7: 131 | B7: Chicken Parmesan | C7: Italian | D7: 17.95
A8: 132 | B8: Eggplant Parmesan | C8: Italian | D8: 16.95
A9: 107 | B9: Orange Chicken | C9: Asian | D9: 16.5
A10: 128 | B10: Cheese Lasagna | C10: Italian | D10: 15.5
A11: 129 | B11: Mushroom Ravioli | C11: Italian | D11: 15.5
A12: 112 | B12: Salmon Roll | C12: Asian | D12: 14.95
A13: 118 | B13: Steak Burrito | C13: Mexican | D13: 14.95
... A33: 113 | B33: Edamame | C33: Asian | D33: 5
